id_img,lien_img
 ,lien,
 ,lien,
 ,lien,
 ,lien,
 ,lien,
 ,lien,
 ,lien,
 ,lien,
 ,lien,
 ,lien,
 ,lien,
 ,lien,
 ,lien,
 ,lien,
 ,lien,
 ,lien,
 ,lien,
 ,lien,
 ,lien,
 ,lien,
 ,lien,
 ,lien,
 ,lien,
 ,lien,
 ,lien,
 ,lien,
 ,lien,
 ,lien,
 ,lien,
 ,lien,
 ,lien,
 ,lien,
 ,lien,
 ,lien,
 ,lien,
 ,lien,
 ,lien,
 ,lien,
 ,lien,
 ,lien,
 ,lien,
 ,lien,
 ,lien,
 ,lien,
 ,lien,
 ,lien,
 ,lien,
 ,lien,
 ,lien,
 ,lien,
 ,lien,
 ,lien,
 ,lien,
 ,lien,
 ,lien,
 ,lien,
 ,lien,
 ,lien,
 ,lien,
 ,lien,
 ,lien,
 ,lien,
 ,lien,
 ,lien,
 ,lien,
 ,lien,
 ,lien,
 ,lien,
 ,lien,
 ,lien,
 ,lien,
 ,lien,
 ,lien,
 ,lien,
 ,lien,
 ,lien,
 ,lien,
 ,lien,
 ,lien,
 ,lien,
 ,lien,
 ,lien,
 ,lien,
 ,lien,
 ,lien,
 ,lien,
 ,lien,
 ,lien,
 ,lien,
 ,lien,
 ,lien,
 ,lien,
 ,lien,
 ,lien,
 ,lien,
 ,lien,
 ,lien,
 ,lien,
 ,lien,
 ,lien,
