id_foodtruck,nom_FT,TEL,email,site,profil,image,mdp_FT
 ,"Okayish Burger Smash","0404040404","","https://www.youtube.com/watch?v=XfELJU1mRMg","","",1234AsItShouldBe
 ,"Spoilt Sushi","0404040404","","https://www.youtube.com/watch?v=XfELJU1mRMg","","",1234AsItShouldBe
 ,"Overprocessed Meat","0404040404","","https://www.youtube.com/watch?v=XfELJU1mRMg","","",1234AsItShouldBe
 ,"Pizza3000","0404040404","","https://www.youtube.com/watch?v=XfELJU1mRMg","","",1234AsItShouldBe
 ,"OVERPRICED BISTRO","0404040404","","https://www.youtube.com/watch?v=XfELJU1mRMg","","",1234AsItShouldBe
 ,"UNETHICAL FAST FOOD","0404040404","","https://www.youtube.com/watch?v=XfELJU1mRMg","","",1234AsItShouldBe
 ,"DADINO PIZZA","0404040404","","https://www.youtube.com/watch?v=XfELJU1mRMg","","",1234AsItShouldBe
 ,"SERGIOS DELI","0404040404","","https://www.youtube.com/watch?v=XfELJU1mRMg","","",1234AsItShouldBe
 ,"RODIZZIO","0404040404","","https://www.youtube.com/watch?v=XfELJU1mRMg","","",1234AsItShouldBe
 ,"WOODKID","0404040404","","https://www.youtube.com/watch?v=XfELJU1mRMg","","",1234AsItShouldBe
 ,"DANGER","0404040404","","https://www.youtube.com/watch?v=XfELJU1mRMg","","",1234AsItShouldBe
 ,"NUJABES","0404040404","","https://www.youtube.com/watch?v=XfELJU1mRMg","","",1234AsItShouldBe
 ,"JOJI","0404040404","","https://www.youtube.com/watch?v=XfELJU1mRMg","","",1234AsItShouldBe
 ,"TATSURO YAMASHITA","0404040404","","https://www.youtube.com/watch?v=XfELJU1mRMg","","",1234AsItShouldBe
 ,"MIKI MATSUBARA","0404040404","","https://www.youtube.com/watch?v=XfELJU1mRMg","","",1234AsItShouldBe
 ,"SOLANN","0404040404","","https://www.youtube.com/watch?v=XfELJU1mRMg","","",1234AsItShouldBe
 ,"NAIKA","0404040404","","https://www.youtube.com/watch?v=XfELJU1mRMg","","",1234AsItShouldBe
 ,"BERSHY","0404040404","","https://www.youtube.com/watch?v=XfELJU1mRMg","","",1234AsItShouldBe
 ,"YAME","0404040404","","https://www.youtube.com/watch?v=XfELJU1mRMg","","",1234AsItShouldBe
 ,"AURORA","0404040404","","https://www.youtube.com/watch?v=XfELJU1mRMg","","",1234AsItShouldBe
 ,"DUA LIPA","0404040404","","https://www.youtube.com/watch?v=XfELJU1mRMg","","",1234AsItShouldBe
 ,"CRAZY HOW MANY MUSICIANS THERE IS IN THIS LIST","0404040404","","https://www.youtube.com/watch?v=XfELJU1mRMg","","",1234AsItShouldBe
 ,"MAKA","0404040404","","https://www.youtube.com/watch?v=XfELJU1mRMg","","",1234AsItShouldBe
 ,"LUCKY","0404040404","","https://www.youtube.com/watch?v=XfELJU1mRMg","","",1234AsItShouldBe
 ,"BODYY","0404040404","","https://www.youtube.com/watch?v=XfELJU1mRMg","","",1234AsItShouldBe
 ,"GRAVITI","0404040404","","https://www.youtube.com/watch?v=XfELJU1mRMg","","",1234AsItShouldBe
 ,"EXERCICE","0404040404","","https://www.youtube.com/watch?v=XfELJU1mRMg","","",1234AsItShouldBe
 ,"DJOKO","0404040404","","https://www.youtube.com/watch?v=XfELJU1mRMg","","",1234AsItShouldBe
 ,"MISUTAA","0404040404","","https://www.youtube.com/watch?v=XfELJU1mRMg","","",1234AsItShouldBe
 ,"KURSY","0404040404","","https://www.youtube.com/watch?v=XfELJU1mRMg","","",1234AsItShouldBe
 ,"SHOX","0404040404","","https://www.youtube.com/watch?v=XfELJU1mRMg","","",1234AsItShouldBe
 ,"KENNYS","0404040404","","https://www.youtube.com/watch?v=XfELJU1mRMg","","",1234AsItShouldBe
 ,"SCREAM","0404040404","","https://www.youtube.com/watch?v=XfELJU1mRMg","","",1234AsItShouldBe
 ,"RPK","0404040404","","https://www.youtube.com/watch?v=XfELJU1mRMg","","",1234AsItShouldBe
 ,"ZYWOO","0404040404","","https://www.youtube.com/watch?v=XfELJU1mRMg","","",1234AsItShouldBe
 ,"APEX","0404040404","","https://www.youtube.com/watch?v=XfELJU1mRMg","","",1234AsItShouldBe
 ,"NBK","0404040404","","https://www.youtube.com/watch?v=XfELJU1mRMg","","",1234AsItShouldBe
 ,"EXISTENZ","0404040404","","https://www.youtube.com/watch?v=XfELJU1mRMg","","",1234AsItShouldBe
 ,"CRAZY HOW MANY CS PRO PLAYER THERE IS IN THIS LIST","0404040404","","https://www.youtube.com/watch?v=XfELJU1mRMg","","",1234AsItShouldBe
 ,"BRENNAN LEE MULLIGAN","0404040404","","https://www.youtube.com/watch?v=XfELJU1mRMg","","",1234AsItShouldBe
 ,"LOU WILSON","0404040404","","https://www.youtube.com/watch?v=XfELJU1mRMg","","",1234AsItShouldBe
 ,"ZAC OYAMA","0404040404","","https://www.youtube.com/watch?v=XfELJU1mRMg","","",1234AsItShouldBe
 ,"EMILY AXFORD","0404040404","","https://www.youtube.com/watch?v=XfELJU1mRMg","","",1234AsItShouldBe
 ,"ALLY BEARDSLEY","0404040404","","https://www.youtube.com/watch?v=XfELJU1mRMg","","",1234AsItShouldBe
 ,"BRIAN MURPHY and SIOBHAN THOMPSON","0404040404","","https://www.youtube.com/watch?v=XfELJU1mRMg","","",1234AsItShouldBe
 ,"SAM REICH","0404040404","","https://www.youtube.com/watch?v=XfELJU1mRMg","","",1234AsItShouldBe
 ,"VIC MICHAELIS","0404040404","","https://www.youtube.com/watch?v=XfELJU1mRMg","","",1234AsItShouldBe
 ,"JOSH RUBEN","0404040404","","https://www.youtube.com/watch?v=XfELJU1mRMg","","",1234AsItShouldBe
 ,"JESS ROSS","0404040404","","https://www.youtube.com/watch?v=XfELJU1mRMg","","",1234AsItShouldBe
 ,"GRANT OBRIEN","0404040404","","https://www.youtube.com/watch?v=XfELJU1mRMg","","",1234AsItShouldBe
 ,"MIKE TRAPP","0404040404","","https://www.youtube.com/watch?v=XfELJU1mRMg","","",1234AsItShouldBe
 ,"REKHA SHANKAR","0404040404","","https://www.youtube.com/watch?v=XfELJU1mRMg","","",1234AsItShouldBe
 ,"KATIE MAROVITCH","0404040404","","https://www.youtube.com/watch?v=XfELJU1mRMg","","",1234AsItShouldBe
 ,"JACOB WYSOCKI","0404040404","","https://www.youtube.com/watch?v=XfELJU1mRMg","","",1234AsItShouldBe
 ,"OSCAR MONTOYA","0404040404","","https://www.youtube.com/watch?v=XfELJU1mRMg","","",1234AsItShouldBe
 ,"ANNA GARCIA","0404040404","","https://www.youtube.com/watch?v=XfELJU1mRMg","","",1234AsItShouldBe
 ,"JEREMY CULHANE","0404040404","","https://www.youtube.com/watch?v=XfELJU1mRMg","","",1234AsItShouldBe
 ,"DEMI ADEJUYIGBE","0404040404","","https://www.youtube.com/watch?v=XfELJU1mRMg","","",1234AsItShouldBe
 ,"KIMIA BEHPOORNIA","0404040404","","https://www.youtube.com/watch?v=XfELJU1mRMg","","",1234AsItShouldBe
 ,"AABRIA IYENGAR","0404040404","","https://www.youtube.com/watch?v=XfELJU1mRMg","","",1234AsItShouldBe
 ,"ZACH REINO","0404040404","","https://www.youtube.com/watch?v=XfELJU1mRMg","","",1234AsItShouldBe
 ,"GIANMARCO SORESI","0404040404","","https://www.youtube.com/watch?v=XfELJU1mRMg","","",1234AsItShouldBe
 ,"ROSS BRYANT","0404040404","","https://www.youtube.com/watch?v=XfELJU1mRMg","","",1234AsItShouldBe
 ,"JESS MCKENNA","0404040404","","https://www.youtube.com/watch?v=XfELJU1mRMg","","",1234AsItShouldBe
 ,"ZEKE NICHOLSON","0404040404","","https://www.youtube.com/watch?v=XfELJU1mRMg","","",1234AsItShouldBe
 ,"CRAZY HOW MANY DROPOUT ACTORS THERE IS IN THIS LIST","0404040404","","https://www.youtube.com/watch?v=XfELJU1mRMg","","",1234AsItShouldBe
 ,"OUT OF IDEA 1","0404040404","","https://www.youtube.com/watch?v=XfELJU1mRMg","","",1234AsItShouldBe
 ,"OUT OF IDEA 2","0404040404","","https://www.youtube.com/watch?v=XfELJU1mRMg","","",1234AsItShouldBe
 ,"OUT OF IDEA 3","0404040404","","https://www.youtube.com/watch?v=XfELJU1mRMg","","",1234AsItShouldBe
 ,"OUT OF IDEA 4","0404040404","","https://www.youtube.com/watch?v=XfELJU1mRMg","","",1234AsItShouldBe
 ,"OUT OF IDEA 5","0404040404","","https://www.youtube.com/watch?v=XfELJU1mRMg","","",1234AsItShouldBe
 ,"OUT OF IDEA 6","0404040404","","https://www.youtube.com/watch?v=XfELJU1mRMg","","",1234AsItShouldBe
 ,"OUT OF IDEA 7","0404040404","","https://www.youtube.com/watch?v=XfELJU1mRMg","","",1234AsItShouldBe
 ,"OUT OF IDEA 8","0404040404","","https://www.youtube.com/watch?v=XfELJU1mRMg","","",1234AsItShouldBe
 ,"OUT OF IDEA 9","0404040404","","https://www.youtube.com/watch?v=XfELJU1mRMg","","",1234AsItShouldBe
 ,"OUT OF IDEA 10","0404040404","","https://www.youtube.com/watch?v=XfELJU1mRMg","","",1234AsItShouldBe
 ,"OUT OF IDEA 11","0404040404","","https://www.youtube.com/watch?v=XfELJU1mRMg","","",1234AsItShouldBe
 ,"OUT OF IDEA 12","0404040404","","https://www.youtube.com/watch?v=XfELJU1mRMg","","",1234AsItShouldBe
 ,"OUT OF IDEA 13","0404040404","","https://www.youtube.com/watch?v=XfELJU1mRMg","","",1234AsItShouldBe
 ,"OUT OF IDEA 14","0404040404","","https://www.youtube.com/watch?v=XfELJU1mRMg","","",1234AsItShouldBe
 ,"OUT OF IDEA 15","0404040404","","https://www.youtube.com/watch?v=XfELJU1mRMg","","",1234AsItShouldBe
 ,"OUT OF IDEA 16","0404040404","","https://www.youtube.com/watch?v=XfELJU1mRMg","","",1234AsItShouldBe
 ,"OUT OF IDEA 17","0404040404","","https://www.youtube.com/watch?v=XfELJU1mRMg","","",1234AsItShouldBe
 ,"OUT OF IDEA 18","0404040404","","https://www.youtube.com/watch?v=XfELJU1mRMg","","",1234AsItShouldBe
 ,"OUT OF IDEA 19","0404040404","","https://www.youtube.com/watch?v=XfELJU1mRMg","","",1234AsItShouldBe
 ,"OUT OF IDEA 20","0404040404","","https://www.youtube.com/watch?v=XfELJU1mRMg","","",1234AsItShouldBe
 ,"MISTERMV","0404040404","","https://www.youtube.com/watch?v=XfELJU1mRMg","","",1234AsItShouldBe
 ,"PONCE","0404040404","","https://www.youtube.com/watch?v=XfELJU1mRMg","","",1234AsItShouldBe
 ,"TPK","0404040404","","https://www.youtube.com/watch?v=XfELJU1mRMg","","",1234AsItShouldBe
 ,"ECAILLE DENCRE","0404040404","","https://www.youtube.com/watch?v=XfELJU1mRMg","","",1234AsItShouldBe
 ,"TOTO LE VOYOU","0404040404","","https://www.youtube.com/watch?v=XfELJU1mRMg","","",1234AsItShouldBe
 ,"SANZECAILLE","0404040404","","https://www.youtube.com/watch?v=XfELJU1mRMg","","",1234AsItShouldBe
 ,"OCRE","0404040404","","https://www.youtube.com/watch?v=XfELJU1mRMg","","",1234AsItShouldBe
 ,"THEO LAGUET","0404040404","","https://www.youtube.com/watch?v=XfELJU1mRMg","","",1234AsItShouldBe
 ,"PETER HEINRICH","0404040404","","https://www.youtube.com/watch?v=XfELJU1mRMg","","",1234AsItShouldBe
 ,"TOUJOURS THOMAS","0404040404","","https://www.youtube.com/watch?v=XfELJU1mRMg","","",1234AsItShouldBe
 ,"SYLVQIN","0404040404","","https://www.youtube.com/watch?v=XfELJU1mRMg","","",1234AsItShouldBe
 ,"TEROMIK","0404040404","","https://www.youtube.com/watch?v=XfELJU1mRMg","","",1234AsItShouldBe
 ,"ACHEUNDERSCORE","0404040404","","https://www.youtube.com/watch?v=XfELJU1mRMg","","",1234AsItShouldBe
 ,"NOW THERES EVEN STREAMERS YOUTUBER AND TATTOOER","0404040404","","https://www.youtube.com/watch?v=XfELJU1mRMg","","",1234AsItShouldBe